block,sl_cur,norm_vRIX_t_L,norm_vX_m_c,norm_Fwm_bm,norm_residual,blockErr,coherence
0,0,100.55207148472216,100.55207148472218,108.26136120691447,11.460854973238119,131.35119671759693,1.0
1,8,108.85339754776827,88.82940328321278,101.47755665891846,10.46787583233855,109.57642444125747,0.9972278572886677
2,16,79.48794946561897,74.82181299779901,77.61892770056268,7.876792319574653,62.04385724571024,0.9807740260057698
3,24,113.30716057950264,116.20745504917302,105.15323577161973,9.27198784489748,85.9697585959266,0.9772036334689402
4,32,150.05506376027017,168.563750986116,156.60148013492767,9.529323735220869,90.80801085064381,0.9847956360941337
5,40,182.06959340705458,180.83938249626425,175.85550914970256,10.97936674494402,120.54649411998264,0.9943855788516612
6,48,221.74271269018612,144.29370413940018,227.2537044131017,9.752764234352856,95.11641021087226,0.992135774116675
7,56,122.14399276911399,138.87123417523966,119.60036825543742,13.613133516363105,185.3174041343285,0.9940214253290947
8,64,239.29879644034546,249.07852529807687,245.12592530772494,10.106244204711889,102.13617192527263,0.9976703893427439
9,72,382.38006261337034,376.1189791140687,377.83898475033214,7.613201280437623,57.960833736457054,0.9994609088396854
10,80,473.25961936486607,449.47153590938206,468.38074113109553,7.96205219669233,63.39427518285316,0.9976806694457695
11,88,418.97769056944753,443.0944357083257,414.7132885788001,6.704894105312266,44.95560496345117,0.9986517766192761
12,96,357.6417391524377,367.1487853184312,352.86924653947875,8.136820463673564,66.20784725805687,0.9990108048382457
13,104,261.9360634265341,258.13021505237526,265.07108891091315,6.98157578535457,48.742400446649285,0.9999199977743484
14,112,142.2548200421139,162.38708996207868,149.81685240567975,11.963487365727703,143.1250299499264,0.9918151426373054
15,120,162.08578798537965,119.81339091389444,170.83561134353232,11.852602690513821,140.48419053917547,0.9382915966230768
16,128,103.90155091936641,123.13970924372082,111.79042021242054,11.99505970910482,143.88145742498983,0.9787135920197986
17,136,126.82406078535399,126.36040806890215,121.95141436109158,10.654371041025676,113.51562227984655,0.9922983788235743
18,144,170.80257207052844,109.17264150314841,162.86598187833192,12.66590158942796,160.42506307307374,0.9713177934880707
19,152,30.50034521466935,73.66569036025128,29.247229484433827,9.49959856451581,90.24237288695085,0.8782931050716222
20,160,16.427969105377972,31.218128372657716,13.239808574229363,11.067794889660032,122.49608371958472,0.8048288344440703
21,168,32.78546168348393,32.27432978485159,31.884925224839826,7.809893391931165,60.99443479333007,0.9697790639722549
22,176,105.04118191743532,89.87167308336103,96.76421138778926,11.4665107067764,131.48086778861781,0.922086725685493
23,184,143.3824463849022,150.7606738098402,144.64700834135334,8.308914781757792,69.03806485051314,0.9920838899871534
24,192,209.91535797891433,190.9437730778897,204.21881857528106,10.630549792408033,113.00858888886647,0.99794476611722
25,200,214.40278136778963,190.71826106194501,216.3606137774678,8.323043110355153,69.27304661683037,0.9930047523753812
26,208,103.9686944873722,148.75049283771773,106.41652122441025,8.845841431554668,78.24891063220913,0.9727950478499671
27,216,135.32637425917494,89.7469516310106,132.49360401079917,9.429762776694579,88.92042602473465,0.9965699879960526
28,224,83.0279223780234,70.0544586915065,85.7264327139977,11.440596923184879,130.88725795878733,0.9733550694514744
29,232,116.68570776188497,93.25723612676464,106.82040746737536,14.054585917029451,197.53138529916257,0.9209016140520208
30,240,70.94949712747307,101.15117025435728,75.38701956625324,9.953213390503853,99.06645679690521,0.924944772148337
31,248,90.535893214477,84.55321943965325,90.40327146533858,8.047280799065037,64.75872825900082,0.984517091071642
32,256,134.78978275440366,55.39955305510345,133.17108877664288,8.120878884879728,65.94867386288541,0.9717039417913057
33,264,18.052007091243908,27.865587993265336,16.331040688667056,7.786792222615809,60.63413311819004,0.652361531381728
34,272,50.95800851199315,17.739288704579035,45.49980290883709,10.86575264145166,118.06458046521374,0.4504727175072111
35,280,41.379402369811196,39.94158669824432,42.82183853065163,8.67663982085128,75.28407858078214,0.9685276493840036
36,288,82.16704732104306,66.56958479141593,88.05434445768219,13.4973058439768,182.17726504585028,0.9813832383621385
37,296,109.31704455990194,74.10215116557866,111.80597123438254,8.633927363472413,74.54470171771769,0.939052695584427
38,304,29.372463158649715,64.98217186996858,28.656058111551253,8.320928566436658,69.23785220774161,0.9014099022580075
39,312,119.37970344269063,121.87939392838756,120.20178646015911,8.057100544281106,64.91686918065488,0.8416990998963506
40,320,236.96662100484986,227.04486837294502,240.1594168976669,11.940251514612047,142.5696062321953,0.996354015362038
41,328,317.65745610432094,305.1663312253241,317.5792209724557,8.072209188422077,65.1605611816458,0.999275643052745
42,336,303.1274555687211,311.1154740376864,303.37569798745494,8.13389807900749,66.16029795968174,0.9997140334537749
43,344,246.5080836756371,242.72247582031824,237.20187498056418,15.987029779893536,255.58512118320277,0.9997048457284083
44,352,168.57859499687274,141.7561746437556,164.5253208342734,14.536934169578336,211.32245505065418,0.9969302749388171
45,360,76.43335561893538,72.23866993923745,76.92473052478758,9.027037232954688,81.48740120515023,0.9759719534389548
46,368,30.067916573616504,73.59438327435001,28.315456013524372,8.996883991219496,80.94392155146166,0.7911088298311627
47,376,90.52389390675731,113.23866999725209,100.14539390324562,14.233571665400351,202.59456235408774,0.8982953787103491
48,384,177.71250827449077,163.96198166107703,176.32233271809528,9.943401002469397,98.8712234959094,0.9929302702768305
49,392,218.77197829370215,191.58511326824078,218.74775216697756,8.837664911673826,78.10432109103074,0.993910918141811
50,400,148.9839818117316,176.47225364632942,156.34881507675948,14.037034148493339,197.0383276859681,0.9893071746504154
51,408,174.83154149576268,147.28368335132132,175.60817207845827,8.94193158025753,79.95814038600692,0.9831954505033685
52,416,189.26412652924412,196.35546886380686,199.8040769760109,15.69217534935091,246.24436719477634,0.9921203839241354
53,424,306.01256887449233,301.9716468455751,309.42145630157245,10.29147367260308,105.91443035388234,0.9987518222295264
54,432,380.1384374062006,368.94924598720223,374.0121717149015,11.640386067062499,135.49858779026275,0.999141144135523
55,440,316.5428744289255,348.89291611074185,322.04646355266567,12.307899645963088,151.4843936950983,0.9975810268338265
56,448,284.8825908101901,255.48086937431484,278.25694833765067,13.697442813207617,187.619939621093,0.9996492575158947
57,456,198.49925895955965,164.06650117451906,200.33378821300738,15.555954680209375,241.98772601272796,0.8867965934203145
58,464,161.83544746871922,141.12777154125186,164.17093824433354,10.659141303807331,113.61729333453145,0.9914824991275079
59,472,157.38003618425032,146.29909421557647,155.1378061312854,10.90655505622129,118.95294319438618,0.9966516298107184
60,480,171.98460501151573,195.49456992630363,179.28348133497747,14.10842132338462,199.04755223813385,0.9909926991735865
61,488,270.74402264781486,277.8729008756739,268.2390113452169,10.096314424681633,101.93556496203442,0.9995721181463911
62,496,285.441983327093,311.46281116427224,282.79209975935004,10.41002726574211,108.36866767349416,0.9968866493857204
63,504,219.18914655997628,259.3054643794894,221.48567239016262,10.255376810805497,105.17275353160714,0.993437249848336
64,512,191.56917415453398,153.7300657849878,191.56150168044988,9.373834775348406,87.86877839553111,0.9992918905430195
65,520,105.64203037197436,91.7817571454926,105.34199509134426,9.270826897755025,85.94823136813807,0.9944235227454931
66,528,147.72846944545879,117.1963289901993,150.19373960774607,10.031076033210832,100.62248638405676,0.9769035964948306
67,536,162.1147070995882,129.8193488356488,168.7615570738784,12.50293215040409,156.32331235760824,0.9429499257369367
68,544,93.43317868129417,117.51034618466095,88.86434480361726,11.533728865572767,133.02690154454646,0.9736055821422874
69,552,57.23532707900199,86.25386461421053,58.49884832224982,10.618009482984386,112.74212538074634,0.9619406595575503
70,560,109.34062390699022,106.81744466227445,108.31614767488782,9.499035474829881,90.23167495207655,0.9842984092645729
71,568,240.2897820225499,221.06109640552089,239.51775454787864,9.535905957908845,90.9335024380814,0.9960629104165867
72,576,337.07778450476513,325.11191030294725,338.72019901178203,9.772451739667869,95.50081300413756,0.9987607491111006
73,584,382.8636639391599,354.95465553150854,376.0585702052548,13.098863640346641,171.58022866839525,0.9967391669841803
74,592,287.20817303420927,296.3681848914428,287.38635144414525,9.721262027696183,94.5029354111277,0.9996745660359335
75,600,137.93639993703724,182.1593950100549,136.6136167545823,10.034693023123404,100.69506406832153,0.9934167413129258
76,608,62.99207179322658,67.91165630554845,61.929340936784946,9.850111158183235,97.02468982856588,0.9083713273912469
77,616,56.025833835886345,64.7803639937231,53.94998288347887,9.978786769453187,99.57618539021396,0.05565962863340125
78,624,155.66169615339453,128.63022286025614,155.81266828900104,9.982302870710322,99.64637060259155,0.9855023296184351
79,632,173.0458046963706,164.8117354908878,173.62990021612208,9.727142671969212,94.61730456084433,0.9985668186534624
80,640,157.30817905387931,160.40095399139767,149.26154123798565,16.08207196925566,258.63303882431865,0.9990641060551839
81,648,98.28741008929607,135.32572252865265,97.47419045724506,10.047469504436556,100.95164344258258,0.884957718069934
82,656,151.23072799328452,140.84137530853818,156.39994175146683,16.069888671076804,258.2413219008026,0.9961243983081135
83,664,180.03946718973154,162.50650608091306,178.17775085498138,10.130969875727127,102.63655062289051,0.9980099392216296
84,672,162.11422417781398,145.65047112363743,161.63620049421968,9.699202806593302,94.07453508342739,0.9929742122905217
85,680,50.494506945758886,84.27785619851588,45.69877769109357,11.268861966097967,126.98725001096935,0.9644667866559005
86,688,56.63795507090405,55.009332442281675,52.510891580449645,11.111375983172103,123.46267623941381,0.9664975405277748
87,696,102.92120576367988,104.17187160838354,93.34139442251114,16.153660511630473,260.9407479250097,0.9974274850704531
88,704,119.3826418785369,124.80995958635172,118.5448534799499,10.034124487955694,100.68365423979212,0.9958166081441555
89,712,131.09831436363962,113.22695514096458,123.0201465281179,16.555344611827284,274.07943521635866,0.9981837021319272
90,720,139.91635832736435,88.18112361578946,135.04337294632631,17.692105098393515,313.0105828126018,0.9737293773915884
91,728,69.73637310703654,49.524075427701646,63.125760667465364,14.293184589248106,204.29512570231955,0.9622716417671093
92,736,109.78148801025844,104.23249079750352,111.34411971952952,12.397311858780402,153.69334132385717,0.9853154534039074
93,744,229.42137215635276,225.0664388907813,232.1499143845675,11.193933703515683,125.30415175870432,0.9798486446511299
94,752,283.2191786844302,306.1875225150818,282.9247447680664,10.372208431410684,107.58270774462687,0.9956252612391664
95,760,272.87995798698125,299.3672194637524,274.5754188729703,11.52222317350899,132.7616268601476,0.9952739370656698
96,768,279.3902330582936,239.6195706029477,276.53520178043266,15.428614757196712,238.04215332598815,0.9991195574285905
97,776,272.81491991632294,246.033698949218,276.06516756372434,14.808910146958572,219.30381974069257,0.9948602229043432
98,784,321.09355545753283,294.17462942382326,318.2022983430046,11.763715134977463,138.38499377689783,0.9953630168913038
99,792,269.86685009819166,275.4140789950318,267.26905827287123,11.228318234194766,126.07513036835068,0.9986397983713103
100,800,165.36496572489813,222.21529143266946,166.60004910250174,16.032659183532232,257.0461604953004,0.8290278496731248
101,808,248.95897464336934,257.0006267995083,241.190400676731,15.052523498404783,226.57846367002816,0.9984611129549541
102,816,281.7195830423123,310.39835345220473,285.97199936396873,13.219202392412434,174.74731189156262,0.9939845640576068
103,824,295.8348890199956,278.3184441465664,286.98615031839176,16.592071596605035,275.2968398668675,0.9990825201819086
104,832,228.17435715786624,192.19175017295052,233.06788877732592,16.838019174331365,283.5188897151507,0.9979524986826186
105,840,218.97810365362645,218.2232031960525,213.87233356381614,14.6011437894846,213.19339996120473,0.9989746125652188
106,848,356.1896645579329,342.6795766310863,361.6803307718257,14.169329652520021,200.76990280178316,0.9987114834777653
107,856,451.63370509349403,438.69619279936074,447.1600568212119,13.248322030139082,175.51803661426854,0.9990672535809481
108,864,470.4596020964362,468.3564110911097,471.02260657081376,11.780612750089839,138.78283676757928,0.9997534256591577
109,872,403.60265742783037,424.9110809257698,392.9954879920607,18.164741416602798,329.957830732045,0.9983175919492451
110,880,347.0386537194416,322.07683337110666,354.15406184236855,16.424353733396362,269.75939555973105,0.9995932878594574
111,888,193.79616883800952,192.87864587508892,188.1060960209066,15.121708861293797,228.66607888573134,0.9990131955325494
112,896,70.31991952274646,75.18070620940996,67.48196452426322,13.50500559017498,182.38517599065744,0.9878360395946365
113,904,26.51677933079494,14.330058223002393,32.11445874905839,16.735828749866073,280.0879639448438,0.22297158905463685
114,912,38.43052083448703,37.850402830427676,34.52624238768859,12.757217083841446,162.74658772425607,0.8371943670006288
115,920,30.302499629691127,29.036443752627278,26.190188263457795,15.20542871342871,231.20506235916227,0.6425166764102173
116,928,57.18377199066994,68.49500180323062,66.96433019238468,17.997910995986235,323.9248002194422,0.8169136014311469
117,936,143.47075609193863,112.02430120810368,143.27877512155473,14.59114073008756,212.9013878052201,0.9674119086756502
118,944,145.24156902218147,110.5753232469543,137.55029904630288,16.50152084461564,272.30019018528446,0.987670928909517
119,952,124.14331017831518,149.20784691958048,122.53776733781064,14.859669539482534,220.80977882262505,0.980836421945274
120,960,271.8052897005277,286.9469813920928,269.3426181756491,13.671649231000089,186.91399269550533,0.9941923359157463
121,968,401.32529595606513,398.8789453346426,398.7752629918059,13.053806630870765,170.40186755616557,0.9992223058493348
122,976,424.9191190620034,402.09940614127635,433.6221643288855,18.70718805245776,349.95888483001835,0.9996021834085381
123,984,290.91365685174367,311.42386214239934,285.00942553002943,16.24199284908283,263.8023317096578,0.9986271906862909
124,992,307.87126002576605,266.2719203352902,304.78547386996905,14.731495418948956,217.01695727851407,0.9872031088024479
125,1000,335.90929162135217,320.3157565660083,329.54930737946876,16.281293696683754,265.0805244376741,0.9979927024665021
126,1008,372.5032813261491,324.4305110261567,367.2093552988588,14.123525497475708,199.47397247784644,0.9939023200802057
127,1016,224.15934640604866,244.04988354245685,220.06292690967425,15.325708492011685,234.8773407821191,0.9983779307127204
128,1024,148.61020549733175,174.53206169079775,154.72180897229228,17.67352205899514,312.3533819697878,0.9924358726171928
129,1032,166.82029152809724,176.97336865727863,168.1305637470838,13.375401589399074,178.90136767769926,0.9984694290074472
130,1040,116.03627135771781,166.94150183228328,111.64722247514253,18.657601410920773,348.1060904087928,0.9911944892773261
131,1048,152.81429713468142,165.90384622776946,154.2803500091649,14.736541994585565,217.1656699581839,0.9954414077535187
132,1056,205.44634325037416,214.39595035815395,213.14281420228613,18.88809156090479,356.76000281312275,0.9981275069744988
133,1064,223.4354124500672,232.9659194257576,219.8683568264647,14.95095113946441,223.53093997465214,0.9978052671820699
134,1072,205.7560291694868,183.6138287293883,211.38953912348708,17.08870164547297,292.0237239279906,0.9967055762843894
135,1080,63.056207056636026,108.18899604727213,60.47856279647247,16.514104913658798,272.7156610993297,0.6877909881240648
136,1088,130.05806046621703,98.01469697218347,128.89833345369752,15.87502586129524,252.0164460967927,0.9454020393424158
137,1096,124.88874787648356,119.49340040808455,126.59875690616595,14.602839331394696,213.24291653852788,0.9948641332054657
138,1104,131.7888028679262,104.15460504066054,136.78972012661433,16.50256475275279,272.33464341879875,0.9963254343804748
139,1112,111.38222802700074,89.26862755784673,110.39525470956079,17.35702962969604,301.26647756614625,0.9624450731694391
140,1120,180.19984390653298,172.461512166736,175.17803053697722,15.354980440954618,235.7754243420989,0.9919248595484363
141,1128,296.21792371185666,297.5315766597048,307.24420945705367,19.757003670323833,390.3391940291894,0.9956188767730626
142,1136,384.35910802992305,399.8772528558588,386.2951467791076,14.556229041457634,211.8838039073746,0.9977760510995307
143,1144,463.81207802637897,442.90390266324437,473.5271294684158,18.863506646006336,355.8318829839252,0.9988685665108292
144,1152,425.04187974197964,417.6695528298667,413.96129124109996,19.43467393926214,377.706551125435,0.9994348021841065
145,1160,359.32561679947446,345.2648150808233,363.1007110118793,16.172401647544067,261.5465750494861,0.9986109971815146
146,1168,256.6587409782172,267.50986149554666,251.50455273906147,15.613338137619603,243.7763277996468,0.9972642067435716
147,1176,201.4351357126437,218.96581244804747,209.12919698087484,18.618746104126185,346.657706489914,0.9910509703369602
148,1184,239.4594742657989,186.68009625852227,230.77715546591728,18.223185956713678,332.0845064129666,0.9781560859680797
149,1192,120.91773110570007,139.8745198645724,122.79589511560377,14.667446312418015,215.13398132766483,0.994137116723221
150,1200,94.08169718267845,123.02505663801504,93.10401631775568,14.234304766587094,202.61543218808407,0.9222208816604915
151,1208,193.46779138410201,197.705103929246,184.20736332097695,19.445034859824244,378.10938069978005,0.9974001639646906
152,1216,257.043405924004,269.1231943587546,249.20379180138002,17.937817836129675,321.7653087221719,0.9965148066443024
153,1224,251.67137438614088,272.39571287589126,251.51127492577157,14.962468777762181,223.8754719255081,0.9936260075839071
154,1232,258.0785843759871,206.63323532052632,254.6596220455028,15.070799211682175,227.12898887884006,0.999063253067282
155,1240,160.41650559077019,136.11180017478856,161.01835128462463,18.52267661759534,343.08954908001317,0.9837257026682296
156,1248,141.7383592496003,136.42535578103562,132.98641118336678,19.364793523025163,374.9952281893973,0.9947081849768964
157,1256,134.94980072690566,140.70658284467117,130.99529905597655,16.029019744599697,256.92947397276697,0.9966591687033719
158,1264,159.53732460249662,126.9404943141606,161.28888909387138,19.71988418969256,388.8738324548866,0.9908677158199019
159,1272,171.01518549031874,179.86087738290183,173.6895683027783,15.82949700332053,250.57297537813363,0.9929255046977169
160,1280,267.5361162924049,259.5896703122915,266.603580772577,15.21564563670737,231.51587214185201,0.998212234431679
161,1288,301.8261381260849,283.89435127833275,297.9514721138736,15.847589973199488,251.14610795865295,0.9963109577414373
162,1296,203.13348002585735,232.26952440589668,205.38776229443843,15.982383911973097,255.43659550969647,0.9975473961202752
163,1304,151.3635505515366,155.0602509498289,149.35099902238727,16.322027059130228,266.40856731897935,0.9922163579918084
164,1312,184.31365395399055,179.67998734610987,181.80554483278138,15.666099037987834,245.42665906804334,0.9978886043840199
165,1320,267.13579369605117,271.8226187586673,272.2358886116314,17.304912178048536,299.4599854899725,0.9988535741055098
166,1328,353.0014647088295,337.95981616849906,347.29554430621283,17.376144535733953,301.9303989267169,0.9984008713338235
167,1336,378.6110571522945,366.29762195015917,383.2484736307223,16.503482475136718,272.3649338071448,0.9978147328227238
168,1344,353.4137667555447,376.1054322625713,342.9787614746209,20.063309024498306,402.53636901251514,0.9961320639868031
169,1352,383.3416458749161,383.4449053435713,379.83989139563914,16.254864022944382,264.22060440441163,0.9993011320573084
170,1360,416.37883135348847,383.4096769149399,426.14616846025035,19.533555683305043,381.5597976327787,0.995498739760986
171,1368,349.0328017984592,362.22974167707986,359.0717097971847,20.652060784831274,426.50761466036573,0.9992457125959013
172,1376,335.96795386011433,318.0603957972525,334.8224607696965,15.574617153115828,242.56869946612977,0.9989477750565827
173,1384,268.76007316639084,268.6152329157821,277.1640859060026,20.068594558991176,402.7484875731702,0.9988391416141671
174,1392,226.11188386187945,244.15494880952383,217.47455779628794,20.162677391020726,406.53355957437833,0.9934385995108139
175,1400,256.356926862297,248.56066877056324,249.3743178929161,17.528497537173443,307.24822591069545,0.997744508371901
176,1408,210.44962087099492,236.78775066657968,206.76394186819653,16.521022903188396,272.9441977676755,0.9925081660172296
177,1416,204.53583825943184,183.6678844290141,201.68139240277912,16.617871126841795,276.1536407883222,0.9983834932623114
178,1424,171.19636563807754,188.67196604057338,172.1317017810838,16.899589341660857,285.59611991677724,0.9910171717207684
179,1432,317.2947702649481,316.811858660051,321.8926315526634,18.719523527329855,350.420561090256,0.9993430981663696
180,1440,424.04128217088834,422.31447733411494,430.1406767131299,18.27553980081681,333.99535501123927,0.9996017462653354
181,1448,418.51255583708917,421.82761207578625,424.2619936088045,18.70538269360984,349.8913417143986,0.9996138843507866
182,1456,314.18141354415883,317.00283753088956,321.15334448785745,19.284547326659148,371.8937655941565,0.9993321248142972
183,1464,185.2275043840395,192.54527291483055,185.69684375332747,18.20347793577818,331.3666089583631,0.9813347637028901
184,1472,189.79212585610546,183.22337216987296,190.38100260088922,16.858835738019287,284.2203424415163,0.9951933436564516
185,1480,235.552199779352,222.25415351309684,234.10662715963872,16.793349031853293,282.0165717056479,0.9977256448929769
186,1488,219.97614316181958,216.9249154656275,214.01331365853088,18.13458515839093,328.86317886693257,0.9971626369263693
187,1496,200.0739749588089,216.22500861889625,191.14361172597725,20.062663578208344,402.51046985236763,0.9900003986430725
188,1504,283.39837737271444,284.81329005704345,273.1660959158699,21.8390668149115,476.94483934616875,0.9986605578361
189,1512,365.41101810912255,367.7337036936744,375.8802372312333,22.6692758251484,513.8960664366576,0.9991781731301681
190,1520,406.494645240186,393.2959521541234,396.41496551464087,22.30997787035028,497.7351125755192,0.9989802168422885
191,1528,340.6415241803944,336.6630857380906,348.18402569710116,20.884940021514897,436.18071970227464,0.9988427097952238
192,1536,190.67859964014355,219.85468208072885,192.1628078718591,18.488722257950094,341.83285073161926,0.9970635168780968
193,1544,121.70198132893582,98.86888417645147,118.05828424215342,18.684065748258554,349.0943128852485,0.9900735074375473
194,1552,64.1297085886378,57.02927517205829,65.29382881250677,19.344042475567253,374.1919792965501,0.9463768305840798
195,1560,49.833704657280855,59.89522266681764,45.0766991958456,22.44082114671385,503.59045373879957,0.9003688800075882
196,1568,80.45133378737137,23.40782814374536,79.41457094998808,18.085635833106533,327.09022348774704,0.9214697476123309
197,1576,166.21642577370244,102.12713297955861,166.08552032887275,18.18691961669361,330.7640451440749,0.8074395473580565
198,1584,224.7407592144035,210.74454279540308,233.7952159829469,21.759078000066207,473.4574754129652,0.9930326759408334
199,1592,276.8304737377696,274.8093849527836,266.9184236655717,21.59264579979863,466.24235263556136,0.9975895473246589
200,1600,217.65831035517851,260.695542765614,213.6613138348286,18.68624011915212,349.17556979061027,0.9946083296657207
201,1608,155.81846563671343,203.39632498476632,153.8185633554275,18.15025026712919,329.4315847594233,0.9779934643288158
202,1616,224.23371134156304,215.86133207166853,228.640068214189,21.108429605459403,445.56580040863497,0.9956862847846969
203,1624,287.87428824807256,275.3102728747968,279.62019605543384,21.292031795559943,453.3506179831356,0.9984448254016737
204,1632,298.0561005767562,274.1531607468307,306.97989513767277,21.900337901506404,479.62480020015795,0.9971823358926857
205,1640,153.39060745170607,196.68578367641496,154.12457737689851,18.503174526036513,342.3674675409666,0.9928606980000441
206,1648,123.60359108916407,89.78834654959358,119.56603788954747,21.056665854756666,443.3831769188753,0.9855251427443023
207,1656,61.25459401845773,40.683688548286966,58.60600785460212,18.02624064687273,324.94535185896655,0.767295652673216
208,1664,145.98577685608956,87.2821197137185,146.7875384100537,20.195435819119567,407.8556279241776,0.7394428971317584
209,1672,150.05391038983842,118.72989745115048,141.77537564862368,20.01385448174715,400.55437121655046,0.9578123308992372
210,1680,86.86740772871873,118.91527912508975,85.94432292504035,18.24170350756119,332.75974685777027,0.9751862284739825
211,1688,132.4637648396748,130.96186671053164,130.63011722188446,18.133905353086604,328.838523354703,0.9443071392987397
212,1696,248.36367899660235,220.50920122507443,248.16716729509633,18.03791997088365,325.3665568760032,0.9923185886508918
213,1704,337.4063454692588,319.5105247440551,342.59844224554115,19.498068011506763,380.1746561813433,0.9972586030855434
214,1712,382.0912279533665,356.1657754130001,370.95164396304114,22.511713908286115,506.7772630885225,0.9950011023596962
215,1720,301.47533758839467,310.27845603822703,301.2181825970702,18.22158372836903,332.026113569963,0.9988875020835433
216,1728,171.0921108536638,209.04418580653203,168.39207831098778,18.251229988804806,333.10739610424787,0.9883174216469941
217,1736,185.154781149018,102.70914019877297,178.85195993490203,19.715931487354435,388.7179544140541,0.9962790868462286
218,1744,62.42793794900751,54.37744260143727,58.64695291554306,18.323780017639468,335.76091413484346,0.5152812600286665
219,1752,114.48147944918078,96.42413062537842,110.9387033069478,20.381140986798734,415.39090792376726,0.9742024095471303
220,1760,161.8263768822974,146.5848355294453,166.64964647576264,19.875009058785164,395.01598508679234,0.9896824555671424
221,1768,174.56348284282493,177.2154246621042,174.86762217178307,18.472500744550945,341.23328375743523,0.9955836336310919
222,1776,174.11937427848096,176.2938167969328,178.09345844863358,19.79892636420912,391.99748517537495,0.9967236223276825
223,1784,130.2056819098479,146.42918836068102,124.32029060857555,19.186683037534298,368.12880598280634,0.9912267880689812
224,1792,88.20250888194687,101.9362357927648,80.08899616377704,20.491409488844553,419.8978628395086,0.9839619554268272
225,1800,32.606795218428324,58.22488518042417,26.476511417399983,18.93949803024709,358.70458563773343,0.508316002968391
226,1808,81.04265640149384,51.530308732722,78.60959650691039,19.60608472958939,384.39855842383827,0.8278513543511872
227,1816,125.19534304118008,111.06213009940129,118.82413066611177,21.773669283562597,474.09267406995735,0.9891079166747968
228,1824,187.89938417199625,181.530927084246,181.70138501030783,20.377098557955257,415.22614564062224,0.9954478380825565
229,1832,219.75549788784497,221.572347925027,225.5247819491922,21.262588632532026,452.09767535628015,0.9976875623397713
230,1840,211.82160146006848,204.96588168661762,212.69053726602442,19.45351057752398,378.4390737898373,0.9973744166427249
231,1848,167.0172497693144,152.25296756202033,159.1232358826634,23.625735681893566,558.1753865106989,0.9930268496959154
232,1856,148.20909296547308,159.57016223795435,149.29098320267062,20.127463914227278,405.11480361852125,0.9934222731359357
233,1864,226.26109490087214,217.8970085753668,235.73423269614122,23.033456535384552,530.5401199674493,0.9911509830215608
234,1872,201.2795904042524,226.62309473057638,203.75986784874817,19.983282384113583,399.33157484322425,0.9929370464689258
235,1880,174.27319151084254,180.56580295438536,169.8180645842008,20.868272146158215,435.48478236612283,0.9939644416602836
236,1888,208.40626269276584,180.84720925151245,206.12134052214014,20.50764434699274,420.5634766627433,0.9805708304807464
237,1896,269.42260217976656,249.1765637054188,259.4126520765614,22.022405693843048,484.9863525442107,0.9941368864193075
238,1904,249.77506204557665,277.4469305908123,243.12060615917804,20.97891067091327,440.1146929381586,0.993973363661425
239,1912,221.62310430651218,229.69948136167855,218.25530523539697,19.78925118700039,391.6144625421963,0.9960588929640535
240,1920,150.12427398429082,134.03337594135286,153.3644289920694,21.318331912699474,454.4712755400208,0.994399481863676
241,1928,112.88991781549672,44.862758315115,116.37799085135336,22.482912565926448,505.4813574470934,0.9716992392049822
242,1936,62.56159541231979,31.631108368279737,58.337532153029926,19.660294500908364,386.52717986244767,0.9684407036235452
243,1944,72.35072146323697,29.82157721582538,70.1782850931089,19.616216377957123,384.79594498683326,0.9583382304861439
244,1952,35.165580487966004,26.724870700997375,34.823378200046506,21.288206357782663,453.1877299315382,0.6018513056953487
245,1960,120.71084733335836,122.27558503331481,122.88676559753296,20.192733682469353,407.7464935711323,0.9858638399247609
246,1968,270.33520720603707,251.52601891863367,269.83765736556285,19.45187716670689,378.37552530865287,0.9937684494831607
247,1976,384.9555376649347,376.6309703123843,392.6491713704453,22.775023821496493,518.7017100697327,0.9990747351847318
248,1984,458.1568706004166,455.92799076072095,459.6682860225985,20.50628196184317,420.5075998986146,0.9989638935856621
249,1992,458.1575442857527,465.37595997831573,448.9541069680721,23.69487584521154,561.4471413199893,0.9993144897115481
250,2000,403.01910714961895,410.25700720674644,401.3740725829684,20.514112834347166,420.82882538032715,0.9992568744914415
251,2008,300.6877844568788,317.06985829375134,300.53599991332254,19.906205556060026,396.25701964011506,0.9957767605954689
252,2016,193.77191758844978,214.42863884269713,188.07611611931588,21.288784714436954,453.2123546176445,0.9890138815498084
